India,158017
Pakistan,38044
Bangladesh,25277
United States,22347
Vietnam,10615
Romania,10009
United Kingdom,8089
Philippines,7231
China,6594
Sri Lanka,4073
Ukraine,4004
Canada,3732
Egypt,3536
Australia,2756
Indonesia,2584
Serbia and Montenegro,2529
Bulgaria,2371
Nepal,2367
Poland,1614
Russian Federation,1448
Argentina,1435
Italy,1352
Spain,1205
Brazil,1205
Portugal,1092
Germany,994
Turkey,960
Malaysia,933
Kenya,880
United Arab Emirates,847
Florida,846
Mexico,817
Nigeria,809
France,778
Greece,770
Morocco,626
Bolivia,611
Moldova,600
Croatia (Hrvatska),596
South Africa,570
Sweden,560
Iran,551
Bosnia and Herzegovina,519
Macedonia,515
Singapore,488
Belarus,453
Hungary,447
Tunisia,429
Algeria,414
Peru,406
Netherlands,388
Hong Kong,375
Saudi Arabia,366
Israel,350
New Zealand (Aotearoa),332
Ahmedabad,329
Estonia,328
Colombia,328
Denmark,323
Lithuania,319
Thailand,318
Gujarat,314
Armenia,313
Switzerland,310
Austria,307
Uttar Pradesh,306
Uruguay,294
Tamil Nadu,293
Japan,268
Cyprus,258
Venezuela,250
Czech Republic,248
Kazakhstan,242
Maharashtra,225
Slovak Republic,220
Albania,212
Dominican Republic,211
Lebanon,206
Slovenia,204
Chile,199
Mauritius,190
Ireland,185
Belgium,183
Latvia,177
Palestine,176
Jamaica,173
Georgia,170
Faisalabad,162
Rajasthan,161
Madurai,159
Andhra Pradesh,138
Cameroon,136
Gambia,134
Bengaluru,130
Puerto Rico,129
Madhya Pradesh,129
None,124
Qatar,121
Uberlndia,120
Haryana,116
Jordan,108
Costa Rica,106
Finland,102
El Salvador,102
Panama,91
Lucknow,90
California,90
Texas,89
New York,69
Ohio,64
Ethiopia,63
Baja California,61
Madagascar,60
Russia,55
Norway,55
Cuba,55
Guatemala,54
Afghanistan,54
Uzbekistan,53
Illinois,51
Syria,47
Ghana,46
Michigan,45
West Bengal,43
Gloucestershire,43
Tanzania,42
Nicaragua,42
Uganda,40
Taiwan,40
Honduras,40
Abbottabad,40
Berane,39
British Columbia,38
New Jersey,37
Las Palmas de Gran Canaria,37
Croatia,37
Thi Nguyn,35
Narayanganj,35
Mongolia,35
Serbia,33
Oman,33
Maldives,33
Ontario,32
Queensland,30
Cebu City,30
Trinidad and Tobago,29
Azerbaijan,29
Virginia,28
Kuwait,28
Bahrain,28
Banja Luka,27
Tirunelveli,25
New Zealand,25
Iceland,25
Paraguay,24
Korea (South),24
Jalgaon,24
Punjab,23
Ecuador,23
Skopje,22
Rajshahi,22
Nasik,22
Belize,22
Quebec,21
Pennsylvania,21
Malta,21
Maryland,20
Haldwani,20
Cornwall,20
Bucure?ti,20
Sylhet,19
Massachusetts,19
Barbados,19
Torre del Greco,18
Rizal,18
Managua,18
Malang,18
Luxembourg,18
Indiana,18
Botosani,18
Utah,17
Faridabad,17
Cambodia,17
Arizona,17
Western Cape,16
North Carolina,16
Ni,16
Missouri,16
Meerut,16
Jhansi,16
Hubli,16
Yemen,15
Tirupur,15
South Carolina,15
Naga City,15
Gauteng,15
Gabon,15
Brunei Darussalam,15
Virar,14
Pagadian City,14
Padukka,14
Myanmar,14
Kyrgyzstan,14
Chittagong,14
Rohtak,13
Kazanlak,13
Iligan City,13
Cocos (Keeling) Islands,13
Caloocan,13
Ben Tre,13
Arad,13
Zln,12
US Minor Outlying Islands,12
North Dakota,12
Kottayam,12
Kaunas,12
turkey,11
Woking,11
Vaslui,11
Thessalonki,11
Saint Kitts and Nevis,11
Kakinada,11
Greenland,11
Bhutan,11
Washington,10
Vizag,10
Tennessee,10
Panipat,10
Mangalore,10
Louisiana,10
Gwalior,10
Davao City,10
Colorado,10
Zimbabwe,9
Yogyakarta,9
Wisconsin,9
USSR (former),9
Republic of Kosovo,9
Oradea,9
Khulna,9
Kandy,9
Barisal,9
Yamunanagar,8
Western Australia,8
Valsad,8
Tanta,8
Slovakia,8
Sindh,8
San Nicols de los Garza,8
Porlamar,8
Oregon,8
Multan,8
Minnesota,8
Karnataka,8
Islamabad,8
Idaho,8
Bryanston,8
Bosnia And Herzegovina,8
American Samoa,8
Alberta,8
Sudan,7
South Australia,7
S?upsk,7
Rio de Janeiro,7
Puttalam,7
Mozambique,7
Matale,7
Malawi,7
Iloilo City,7
Grasse,7
Galati,7
Devon,7
Cluj-Napoca,7
Arkansas,7
,7
Wroc?aw,6
Vellore,6
Tetovo,6
Ternopil,6
Suriname,6
Saint Lucia,6
Pattaya,6
Pampanga,6
Libya,6
Guyana,6
Fiji,6
Dundee,6
Dorset,6
Dinhata,6
Derby,6
Caxias do Sul,6
Buenos Aires,6
Wyoming,5
Virgin Islands (British),5
Thrissur,5
Subotica,5
Strovolos,5
So Brs de Alportel,5
Raipur,5
Or `Aqiva,5
Oklahoma,5
Muria,5
Mardan,5
Mansoura,5
Liverpool,5
Kollam,5
Kerala,5
Kansas,5
Haridwar,5
Guntur,5
Gampola,5
Galle,5
Francavilla al Mare,5
Craiova,5
Changanacherry,5
Chandannagar,5
Butuan City,5
Burdwan,5
Botswana,5
Bahawalpur,5
Alwar,5
Alabama,5
friesland,4
Warrington,4
Walsall,4
Vizianagaram,4
Virgin Islands (U.S.),4
Trench Town,4
Tornio,4
Togo,4
Sremski Karlovci,4
Salatiga,4
S. Georgia and S. Sandwich Isls.,4
Reunion,4
Pokhara,4
Pitcairn,4
Paraaque,4
Namibia,4
Mit Ghamr,4
Melendugno,4
Makati,4
Jaffna,4
Iraq,4
Iowa,4
Haiti,4
Grenada,4
Goa,4
Gauhati,4
Focsani,4
Essex,4
Ernakulam,4
EL Salvador,4
District of Columbia,4
Dhanbad,4
Covilh,4
Coatzacoalcos,4
City of Bradford,4
Chernivtsi,4
Chapel en le Frith,4
Bulacan,4
Bhaktapur,4
Bekasi,4
Bareilly,4
Zambia,3
Western Sahara,3
Vologda,3
Trgu Jiu,3
Tlemcen,3
Tasmania,3
Targu-Mures,3
Taguig,3
Tacloban City,3
Suceava,3
Starcevo,3
Sivakasi,3
Sharjah,3
Senegal,3
Sargodha,3
Sao Tome and Principe,3
Sao Paulo,3
Santa Catarina,3
Samoa,3
Rhode Island,3
Raisio,3
Ragama,3
Quintana Roo,3
Presidente Prudente,3
Portimo,3
Poos de Caldas,3
Pondicherry,3
Peterborough,3
Oss,3
Norfolk,3
New South Wales,3
New Mexico,3
Nevada,3
Nador,3
Muzaffarpur,3
Masaya,3
Manipal,3
Logroo,3
Leicester,3
Le Bardo,3
Lapu-Lapu City,3
Kuwait City,3
Krakw,3
Korea,3
Kolhapur,3
Kentucky,3
Kent,3
Jodhpur,3
Jammu and Kashmir,3
Himachal Pradesh,3
Guangdong,3
Guacara,3
Goinia,3
Gampaha,3
Esteio,3
Erode,3
El Khroub,3
Eastern Cape,3
Dominica,3
Didwana,3
Dehiwala,3
Connecticut,3
Cardiff,3
Cantabria,3
Campi Bisenzio,3
Cagayan de Oro City,3
Cabanatuan City,3
Breda,3
Bouvet Island,3
Bournemouth,3
Bhairahawa,3
Beograd,3
Bandung,3
Bahamas,3
Baguio City,3
Aruba,3
Zrenjanin,2
Zgorzelec,2
West Lothian,2
West Bank,2
Wardha,2
Vysok Pole,2
Visakhapatnam,2
Thika,2
Tangerang,2
Tabaco,2
Surigao del Sur,2
Surakarta,2
South Dakota,2
Sonora,2
Sikkim,2
Sierra Leone,2
Shimla,2
Sheffield,2
Sehore,2
Saint Vincent and the Grenadines,2
Rotherham,2
Roorkee,2
Ringsted,2
Ramallah,2
Rahim Yar Khan,2
Qatif,2
Purwakarta,2
Porto Alegre,2
Port Harcourt,2
Pernik,2
Perintalmanna,2
Payyannur,2
Patos de Minas,2
Pathankot,2
Pasig,2
Orissa,2
Nova Scotia,2
Nakuru,2
Naihati,2
Nagpur,2
Nadiad,2
Mount Abu,2
Moratuwa,2
Monaco,2
Massa dAlbe,2
Marrakech,2
Marawi City,2
Manjeri,2
Malabon City,2
Malabe,2
Lympia,2
Lonavala,2
Las Pias,2
Laguna,2
Kurunegala,2
Kumbakonam,2
Kota Kinabalu,2
Kot Addu,2
Koforidua,2
Karnal,2
Kalutara,2
Kaithal,2
Johor Bahru,2
Ja-Ela,2
Hoshiarpur,2
Hordaland,2
Guanajuato,2
Gizah,2
Gdynia,2
Gaza,2
Fuengirola,2
Faroe Islands,2
Eritrea,2
Ekala,2
Dera Ismail Khan,2
Davao,2
Contagem,2
Comilla,2
Chinsurah,2
Cherkasy,2
Changzhou,2
Cayman Islands,2
Caraglio,2
Campeche,2
Caldas da Rainha,2
Budakeszi,2
Brescia,2
Bollington,2
Bleiswijk,2
Blackburn,2
Bistrita,2
Bhandara,2
Beyo?lu,2
Berkshire,2
Balikpapan,2
Bacolod City,2
Azad Kashmir,2
Australian Capital Territory,2
Attingal,2
Antigua and Barbuda,2
Antarctica,2
Andorra,2
Aberystwyth,2
?stanbul,2
Zenica,1
Zagazig,1
Yelabuga,1
Wrocaw,1
Wiltshire,1
Wetteren,1
Wattala,1
Warwickshire,1
Vlos,1
Vila do Conde,1
Viimsi,1
Vicente Lpez,1
Veghel,1
Vega Alta,1
Varazdin,1
Valenzuela City,1
United States Virgin Islands,1
Ulhasnagar,1
Ukhta,1
Udupi,1
UK,1
Turkmenistan,1
Turda,1
Trinidad And Tobago,1
Torri del Benaco,1
Tiznit,1
Tiptur,1
Thiene,1
Temara,1
Szabadka,1
Syrian Arab Republic,1
Swindon,1
Swadlincote,1
Surigao City,1
Sumenep,1
Suffolk,1
Sremska Mitrovica,1
Southend-on-Sea,1
Southampton,1
Sombor,1
Solo City,1
Solapur,1
Smna,1
Smederevo,1
Sita,1
Sirajganj,1
Singapore City,1
Shebin al-Kom,1
Setbal,1
Serang,1
Selangor,1
Seeduwa,1
Saskatchewan,1
Sandanski,1
Saigon,1
Rowley Regis,1
Rollingen,1
Risaralda,1
Rio Largo,1
Rio Grande do Sul,1
Rio Grande do Norte,1
Ramnicu Sarat,1
Rajapalayam,1
Rajahmundry,1
Quezon,1
Puncak Alam,1
Puchong,1
Prizren,1
Prishtin,1
Polzela,1
Poltava,1
Podgorica,1
Phnom Penh,1
Perak,1
Pekanbaru,1
Papua New Guinea,1
Pangasinan,1
Palwal,1
Palani,1
Owicim,1
Ohrid,1
Nugegoda,1
Novi Travnik,1
Noin,1
Niger,1
Newfoundland and Labrador,1
Newcastle upon Tyne,1
New Hampshire,1
Negombo,1
Nebraska,1
Nawala,1
Nawabshah,1
Nauru,1
Naucalpan,1
Nablus,1
Morelos,1
Mojokerto,1
Mississippi,1
Mingolsheim,1
Migori,1
Melaka,1
Marikina City,1
Mansehra,1
Manitoba,1
Manila,1
Mangalia,1
Mandaue City,1
Mandaluyong,1
Malappuram,1
Maine,1
Magdalena,1
Lukavac,1
Lugoj,1
Lucena City,1
Loznica,1
Lima,1
Liberia,1
Leskovac,1
Leigh-on-Sea,1
Leeds,1
Lalamusa,1
La Union,1
Kuta,1
Kunszentmrton,1
Kuliyapitiya,1
Kuantan,1
Kuala Lumpur,1
Kruevac,1
Krasnoyarsk,1
Krasnodar,1
Kraljevo,1
Kragujevac,1
Koper,1
Kitale,1
Karanganyar,1
Kannur,1
Kangar,1
Kadapa,1
Jharkhand,1
Jeddah,1
Jamnagar,1
Jajce,1
Itapetininga,1
Itaja,1
Hosur,1
Hospet,1
Horten,1
Horsham,1
Hooghly,1
Hodmezovasarhely,1
Hitchin,1
Hincesti,1
Hell-Ville,1
Havelian,1
Hartlepool,1
Gurdaspur,1
Gujrat,1
Gujar Khan,1
Guerrero,1
Guelma,1
Guayana City,1
Gresik,1
Giridih,1
Gibraltar,1
General Santos City,1
Garut,1
Garstang,1
Gandhidham,1
Frimley,1
Forl,1
Feroke,1
Espirito Santo,1
Dolj,1
Denizli,1
Delaware,1
Darbechtar,1
Darabani,1
DKI Jakarta,1
Covasna,1
Costinesti,1
Cortes,1
Comayagua,1
Clevedon,1
Ciampino,1
Chittoor,1
Chirala,1
Chidambaram,1
Cheb,1
Channel Islands,1
Ceske Budejovice,1
Central African Republic,1
Celje,1
Cavite City,1
Cavite,1
Cavaion Veronese,1
Cauca,1
Cannock,1
Cahul,1
Butwal,1
Busto Arsizio,1
Budaun,1
Bucureti,1
Brusturoasa,1
Brighton,1
Braila,1
Br?ko,1
Boxtel,1
Bogra,1
Blida,1
Blagoevgrad,1
Biskra,1
Biratnagar,1
Billingham,1
Bhimavaram,1
Bhilai,1
Beyolu,1
Bentota,1
Benin,1
Benha,1
Ben Arous,1
Belgaum,1
Beawar,1
Battaramulla,1
Batangas City,1
Batangas,1
Barnsley,1
Barnaul,1
Barnala,1
Banani,1
Ballymena,1
Bahadurgarh,1
Badlapur,1
Azores,1
Attock City,1
Atripalda,1
Asturias,1
Asansol,1
Arruda dos Vinhos,1
Arambagh,1
Ankleshwar,1
Alor Setar,1
Aligarh,1
Algs,1
Algiers,1
Algete,1
Albay,1
Albacete,1
Ahangama,1
???????????? ???.,1
6 October City,1
