country,bids_count,frequent_words,word_count,unique_word_count,lexical_diversity,average_rating
India,158017,please:74125;check:71260;pmb:50436;work:48630;project:47525;thanks:42885;details:38072;experience:23623;hi:22419;development:22032;pm:21597;ready:20987;hello:19330;quality:18800;message:18708;web:18701;team:18040;start:17527;design:17290;us:17130;see:16311;years:15068;time:14820;website:14405;best:14381;portfolio:13198;seo:12967;provide:12883;kindly:12600;wordpress:12134;regards:12020;private:11797;good:11533;requirement:11313;like:11293;would:11214;job:11175;expert:11156;sir:10514;requirements:10220;look:8863;complete:8825;done:8773;dear:8666;interested:8639;get:8604;company:8392;+:8363;services:8252;thank:8140,2510075,31542,79.5788155475,9.63254811117
Pakistan,38044,check:14525;please:13773;work:10632;pmb:9740;project:9443;pm:7694;thanks:7412;details:6934;hi:6919;start:6029;design:5851;see:4755;ready:4345;portfolio:3517;message:3236;let:3165;experience:3140;done:3117;web:3098;sir:3048;quality:3040;detail:2924;provide:2682;kindly:2584;logo:2566;hello:2435;private:2430;time:2379;get:2376;services:2373;us:2305;job:2262;read:2082;interested:2063;team:2010;give:1989;look:1969;professional:1969;development:1965;years:1949;best:1932;inbox:1838;wordpress:1793;website:1709;expert:1669;offer:1650;lets:1548;like:1496;would:1456;satisfaction:1437,416185,9419,44.185688502,9.60165582192
Bangladesh,25277,please:12432;check:10683;pmb:6823;project:6575;work:6031;pm:5789;details:5513;thanks:5112;start:4296;quality:3721;ready:3551;job:3313;expert:2634;see:2593;interested:2577;sir:2524;hi:2339;dear:2314;hello:2270;thank:2269;working:2150;design:2125;experience:2021;message:1943;service:1746;u:1742;years:1700;time:1684;provide:1667;best:1652;~:1591;give:1562;seo:1558;wordpress:1461;m:1441;website:1287;plz:1228;highly:1211;team:1209;good:1153;satisfy:1126;web:1121;satisfaction:1113;right:1100;look:1084;private:1072;read:1062;offer:1040;get:1018;also:1009,312362,7961,39.2365280744,9.66036986129
United States,22347,project:10527;please:9178;work:6645;design:6180;check:6117;get:5212;website:4459;experience:4266;done:4179;development:4173;web:4099;time:4024;quality:4003;details:3950;hello:3763;years:3691;working:3586;pm:3567;portfolio:3391;see:3382;right:3251;pmb:3226;thanks:3187;message:2861;us:2765;hi:2749;would:2722;look:2708;marketing:2700;business:2611;best:2510;know:2310;clients:2295;provide:2293;forward:2291;like:2163;thank:2146;company:2132;let:2131;services:2085;private:2017;also:1948;complete:1944;ready:1941;start:1916;site:1897;one:1896;deliver:1835;m:1755;php:1730,565346,12723,44.4349603081,9.73730044563
Vietnam,10615,please:5135;check:4253;project:2901;thanks:2781;pmb:2451;hi:1710;m:1579;work:1522;start:1509;let:1494;help:1406;pm:1404;web:1343;portfolio:1263;details:1250;read:1153;ready:1042;development:1041;best:1005;working:997;interested:965;hello:952;experience:928;inbox:906;done:871;expert:864;get:838;years:820;private:793;need:759;job:721;contact:709;would:670;much:632;regards:588;design:587;soon:580;jsc:519;pls:518;requirements:512;able:497;see:492;message:471;us:463;thank:459;detail:452;chance:444;many:431;reviews:429;profile:421,96380,3188,30.2321204517,9.69162960725
Romania,10009,please:5962;check:3755;details:3273;project:3136;seo:2919;pm:2534;experience:2099;hi:1973;message:1906;hello:1884;work:1869;pmb:1507;private:1503;view:1435;see:1432;help:1416;offer:1144;sure:1116;read:1106;thank:1079;m:1074;services:1031;interested:921;years:891;thanks:824;best:756;ready:731;google:705;expert:666;portfolio:666;hii:658;provide:637;increase:612;us:611;team:609;requirements:608;start:607;rankings:603;actual:596;deliver:579;looking:576;attached:566;design:554;great:536;guaranteed:518;board:508;find:494;industry:493;experts:490;keywords:481,115400,4139,27.8811307079,9.78399635628
United Kingdom,8089,please:2809;work:2632;project:2455;design:2297;experience:2083;hi:1798;check:1678;bid:1634;web:1483;years:1415;see:1403;would:1369;pm:1267;like:1238;hello:1109;website:1089;details:1082;uk:1065;get:1040;pmb:957;professional:941;time:937;quality:912;m:893;based:891;message:866;thanks:821;company:798;ll:791;seo:791;right:788;find:784;provide:776;also:745;hope:696;expert:695;portfolio:615;start:608;job:604;thank:597;d:579;help:568;good:567;websites:567;amount:565;+:560;tentative:551;business:539;specifications:539;discussed:533,155747,7889,19.7422994042,9.73416172007
Philippines,7231,development:2916;design:2343;hi:2283;company:2248;experience:2210;industry:1996;clients:1965;freshwebsites:1831;project:1767;job:1555;interested:1552;details:1307;please:1248;help:1176;services:1168;web:1140;high:1104;professional:1096;using:1096;portfolio:1095;knowledge:1069;business:1051;designs:1015;branding:1004;regards:1004;technology:999;across:993;businesses:990;become:989;performance:989;capabilities:988;functions:988;time:988;comprehensive:986;collaborates:985;combining:985;unparalleled:985;service:967;value:967;effective:962;expertise:959;expectations:955;goal:937;designers:936;work:934;dennis:931;check:929;system:918;warm:915;client:914,136521,4548,30.0178100264,9.65155844156
China,6594,check:3777;please:3225;wordpress:2767;pmb:2429;hi:1977;thanks:1229;project:1114;sir:1061;regards:1022;dear:1018;projects:893;site:876;pm:830;work:748;business:741;m:697;kindly:695;development:642;hello:605;design:584;best:573;job:566;message:559;see:516;website:504;interested:457;develop:439;private:404;good:395;help:361;sirplease:360;quality:359;read:359;deliver:356;hope:345;us:335;experience:334;p:320;posting:315;time:314;ready:305;details:298;company:291;start:287;developed:282;well:279;html:260;long:257;looking:255;box:244,71134,3150,22.5822222222,9.65330229358
Sri Lanka,4073,please:1427;work:1388;check:1241;pm:822;job:790;m:729;professional:551;project:551;start:544;hi:521;ready:490;thanks:454;done:445;experience:429;see:384;sir:378;well:377;looking:374;forward:351;best:339;design:335;thank:329;dear:321;hello:309;get:306;portfolio:297;years:297;message:288;like:286;pmb:283;cheers:277;web:277;graphic:276;greetings:264;individual:262;speaks:262;factory:261;details:249;let:249;time:245;interested:230;service:228;designer:207;designing:204;good:203;consider:198;provide:195;experienced:186;private:181;want:179,44885,3451,13.0063749638,9.63031069182
Ukraine,4004,please:1168;hello:1159;check:1017;project:1004;pm:915;ready:737;work:655;hi:629;message:516;details:462;start:441;experience:437;see:417;pmb:390;m:358;thanks:349;done:341;help:322;interested:300;thank:290;discuss:257;years:250;let:245;read:242;portfolio:240;waiting:218;development:212;description:208;design:208;web:196;good:194;responded:194;regards:185;best:183;looking:177;information:176;board:175;working:170;deeply:168;quality:168;team:168;private:154;professional:150;d:136;job:134;company:125;provide:123;pro:122;price:118;would:118,35553,3134,11.3442884493,9.82278692308
Canada,3732,work:1773;details:1753;please:1737;quality:1424;check:1412;thanks:1306;project:1152;ready:1027;pmb:1008;team:859;us:856;years:856;time:773;site:744;also:728;experience:725;give:716;within:686;build:672;better:649;designers:645;developers:644;checked:643;field:642;period:641;start:584;web:471;hi:439;company:417;projects:405;applications:395;see:393;pm:390;system:385;professional:335;design:329;working:317;best:305;hello:297;m:278;canada:272;would:263;sites:254;services:238;lets:236;extensive:232;development:230;content:226;based:221;private:218,59018,3607,16.3620737455,9.72768584906
Egypt,3536,check:1326;please:1079;work:691;pm:670;details:623;ready:583;project:520;web:508;pmb:489;hello:479;thanks:470;design:462;m:448;see:433;start:398;hi:371;years:361;experience:358;development:350;programming:304;message:289;experienced:275;kindly:260;sir:254;expert:248;private:247;professional:247;dear:232;languages:215;sql:214;requirement:209;team:207;php:199;job:196;sure:195;developer:191;best:186;designer:186;quality:185;portfolio:183;task:180;database:174;working:173;satisfaction:171;interested:170;needs:170;time:168;understood:159;like:156;entire:150,39190,3084,12.7075226978,9.66711129944
Australia,2756,please:1151;thanks:973;check:834;details:726;pmb:700;portfolio:681;work:566;design:529;see:526;quality:477;hi:462;project:447;pm:394;professional:380;hello:354;web:336;many:318;sir:314;years:312;help:281;logo:278;experience:274;waiting:274;discuss:259;would:255;time:245;creative:235;task:229;contact:228;projects:227;right:225;deliver:221;new:220;provide:219;developer:218;designs:217;m:211;website:211;done:207;wordpress:203;online:197;australia:187;helloi:182;increase:178;message:177;also:174;clients:174;us:172;rankingsplease:170;business:167,44763,3656,12.2437089716,9.71679691358
Indonesia,2584,please:824;hi:821;check:774;project:751;pm:599;thanks:585;m:570;ready:456;work:380;interested:336;experience:278;job:272;see:248;portfolio:244;discuss:242;let:241;pmb:223;sir:203;thank:203;details:196;start:185;years:185;web:183;best:180;hello:170;help:166;detail:160;lets:153;expert:143;design:133;experienced:132;need:127;together:127;php:123;message:122;advance:120;cheers:117;provide:108;d:106;time:96;hii:95;dear:88;done:88;working:87;also:86;give:85;would:85;inbox:84;know:84;make:83,26018,2810,9.2590747331,9.753988125
Serbia and Montenegro,2529,check:1138;please:1023;pm:742;details:684;hello:682;hi:539;portfolio:438;design:426;work:416;thank:363;job:354;experience:341;interested:323;m:311;see:302;years:296;project:294;professional:267;message:256;thanks:247;graphic:244;provide:243;private:238;quality:193;inbox:188;web:184;ready:183;solutions:176;creative:170;d:162;experts:144;regards:140;high:138;send:135;best:132;logo:128;designer:123;offer:123;pmb:123;start:120;sent:106;working:106;original:95;team:93;great:92;like:91;kindly:90;worked:90;joomla:85;video:82,25382,2399,10.5802417674,9.81818793103
Bulgaria,2371,please:756;hello:678;pm:600;details:576;work:560;check:556;project:490;hi:421;start:343;m:338;ready:296;interested:275;see:256;thanks:247;experience:216;portfolio:208;message:198;private:189;pmb:180;regards:176;let:171;pleasure:155;inbox:148;send:144;information:143;design:142;job:142;offer:142;quality:139;company:134;read:133;years:129;d:125;examples:125;thank:125;introduce:124;meet:124;happy:118;working:105;together:99;full:97;provide:95;professional:90;messages:89;best:87;attention:86;make:86;done:85;butchvarov:83;hristo:81,21081,2308,9.13388214905,9.78257666667
Nepal,2367,please:706;check:705;work:590;pm:518;interested:462;project:435;details:423;provide:415;experienced:381;*********************************:379;web:378;pmb:359;social:353;expertise:339;team:324;css:310;thank:307;professional:294;requirement:285;*******:281;service:276;works:268;view:261;portfolio:249;codes:241;quality:236;development:230;expert:226;networking:220;experts:207;highly:203;designers:197;exceptional:196;programmers:196;wordpress:194;hi:190;top:190;similar:188;sir:187;c:181;message:180;past:180;ready:180;browser:176;wc:173;plz:172;clean:170;php:166;business:164;satisfied:163,32099,1692,18.9710401891,9.7570175
Poland,1614,pm:513;please:443;portfolio:382;hi:350;m:350;work:316;project:285;check:277;design:277;ready:242;experience:237;hello:229;regards:207;interested:198;details:192;see:170;years:167;web:154;start:151;developer:129;many:126;happy:119;best:112;sent:109;message:108;help:102;private:101;create:98;like:93;expert:92;offer:92;send:92;pmb:89;website:88;projects:87;would:86;designer:85;graphic:85;job:85;d:84;experienced:75;time:74;professional:73;thanks:73;look:68;read:68;quality:64;sir:64;development:59;take:58,17050,2078,8.20500481232,9.71149090909
Russian Federation,1448,hello:385;please:354;experience:339;project:323;hi:252;check:234;details:233;years:227;pm:223;start:209;pmb:206;interested:189;ready:181;web:176;see:171;contact:167;work:167;best:159;professional:157;expert:151;fast:145;dear:140;developer:140;finish:138;m:138;immediately:137;discuss:136;available:135;regardszeke:134;bid:132;possible:132;soon:132;service:120;customer:117;customers:116;exciting:116;help:113;message:105;thanks:98;private:77;job:66;glad:61;like:61;pls:61;good:59;design:58;quality:58;let:55;projects:55;ll:54,13411,1775,7.55549295775,9.79510342466
Argentina,1435,m:853;please:649;project:624;design:576;experience:545;pm:505;check:488;see:481;work:469;years:466;graphic:448;portfolio:413;designer:380;thanks:366;hi:363;ready:360;start:307;acute:270;samples:256;professional:249;freelancer:236;illustrator:232;hello:231;look:231;profile:229;take:224;available:222;character:222;get:221;today:220;concept:219;com:213;currently:213;started:208;jobs:207;logos:207;digital:206;etc:205;field:205;lets:205;comics:204;team:204;painting:203;artcovers:202;paintings:202;php:187;pmb:148;experienced:128;job:128;quality:121,24318,2310,10.5272727273,9.83075157895
Italy,1352,please:595;m:562;work:483;years:410;check:393;pm:366;hi:309;experience:299;thanks:261;professional:259;quality:245;ready:236;contact:227;freelancer:220;project:218;time:201;expert:198;start:196;deliver:179;full:178;question:175;exp:170;posted:170;timeframe:170;details:158;php:155;hello+:152;web:149;hello:139;pmb:139;best:127;see:126;regards:123;design:116;artist:114;need:110;projects:109;read:109;graphic:107;designer:106;offer:106;message:101;d:99;portfolio:99;job:93;private:90;kind:84;sir:83;well:83;interested:79,19945,2389,8.34868145668,9.83671764706
Spain,1205,m:434;please:330;work:286;check:284;experience:268;see:259;hi:252;project:232;pm:223;portfolio:203;hello:183;interested:173;thanks:160;regards:159;design:149;d:148;web:145;designer:143;graphic:143;would:136;best:129;message:125;years:125;professional:124;private:122;like:107;working:106;information:103;details:100;de:99;contact:94;make:94;thank:94;ve:87;look:84;acute:77;love:74;read:74;time:74;us:73;y:71;develop:69;projects:69;send:69;en:68;pmb:67;satisfied:67;offer:64;digital:63;hope:63,20995,3087,6.80110139294,9.72815242718
Brazil,1205,m:726;please:724;project:432;start:410;ready:405;pmb:402;check:383;see:298;hi:268;hello:240;years:232;interested:224;quality:213;details:202;always:200;experience:191;inbox:170;work:170;thanks:169;pm:152;php:143;sir:142;server:138;web:138;developer:128;experienced:125;worked:123;mysql:121;working:120;right:115;sql:113;java:107;projet:106;jquery:104;javascript:102;ajax:101;css:101;complete:100;search:100;+:99;asp:98;expertises:98;customer:97;smarty:97;solr/lucene:97;sphinx:97;****:96;away:96;order:92;satisfaction:92,19955,1926,10.3608515057,9.662725
Portugal,1092,please:555;work:487;m:412;best:404;check:393;hello:375;see:307;experience:251;hi:235;thanks:229;portfolio:212;message:190;private:183;information:181;give:173;pm:170;regardspaulo:165;time:165;barbosa:163;always:158;creative:157;skills:157;client:156;passionate:156;budget:155;details:155;extremely:155;respect:154;aim:150;frame:149;project:147;bid:146;detailed:123;photographer/designer:123;pmb:109;web:106;interested:101;designer:95;job:82;professional:81;experienced:80;years:79;ready:74;freelancer:66;help:61;regards:59;start:55;portuguese:49;developer:48;com:46,14513,1710,8.48713450292,9.71194459459
Germany,994,please:321;work:240;project:229;pm:208;start:179;hello:173;check:171;hi:162;details:151;would:133;message:127;quality:122;private:115;regards:111;interested:108;best:105;thanks:98;experience:95;design:93;inbox:93;satisfied:91;gladly:85;refer:85;like:84;fully:83;kindly:82;till:82;high:80;professional:78;d:77;good:74;offer:71;lets:70;looking:70;need:68;samples:68;see:68;forward:67;help:66;look:66;immediately:56;chris:54;generalist:54;perfect:54;m:52;pmb:52;job:51;provide:51;team:49;contact:48,11198,1973,5.67562088191,9.6997375
Turkey,960,w:855;o:565;development:313;software:292;custom:288;e:288;l:284;r:280;v:280;design:260;check:257;please:197;hi:191;motor:140;pmb:137;power:134;control:120;simulation:114;pls:103;work:96;electronics:94;pm:90;project:88;drive:84;details:80;m:79;see:78;analog:77;system:72;dc:70;ready:65;digital:63;energy:63;hello:60;pcb:60;portfolio:56;experience:54;several:48;university:48;help:46;altium:44;dsp:44;message:44;orcad:44;years:44;implementation:43;speed:43;board:42;converter:42;dear:42,12549,1295,9.69034749035,9.708559375
Malaysia,933,please:294;check:233;project:212;work:203;hi:159;ready:134;thanks:134;details:132;pm:129;message:125;m:105;pmb:105;quality:101;design:98;experience:84;start:84;interested:82;wordpress:80;hello:78;let:77;inbox:76;time:71;job:68;sir:68;see:60;get:58;make:58;send:57;complete:51;done:50;video:49;years:48;many:46;portfolio:46;view:46;web:46;website:46;im:45;per:44;high:43;look:42;professional:41;experienced:40;like:40;new:40;projects:40;give:39;much:39;us:39;requirement:37,9682,1707,5.6719390744,9.76034516129
Kenya,880,ready:235;work:189;sir:147;service:126;thanks:120;project:116;see:111;please:110;solutions:104;toolkit:102;hi:100;needs:97;lets:95;message:87;time:87;deliver:84;start:82;working:80;check:76;experience:76;professional:76;hello:71;quality:66;today:63;details:59;private:58;job:56;skills:56;articles:52;programmers:52;good:51;hired:49;looking:48;pm:46;writing:44;pmb:41;writer:39;services:38;us:37;years:37;immediately:36;programming:36;website:36;business:34;high:34;hire:34;database:33;buy:32;give:32;kindly:31,8242,1531,5.38340953625,9.6305974026
United Arab Emirates,847,please:379;check:224;details:222;pmb:190;hi:179;project:159;work:148;quality:139;development:137;inbox:136;see:136;ready:115;mobile:114;designs:112;based:105;application:103;company:99;web:94;time:86;perfect:85;logovogo:82;spot:82;team:79;thanks:79;years:72;developer:71;thank:69;start:65;experience:63;uae:62;view:62;design:60;read:59;wordpress:58;interested:57;portfolio:57;message:55;pm:54;sir:54;job:52;also:51;deliver:50;m:50;projects:50;d:49;dear:48;hello:48;private:47;designer:45;professional:45,10573,1417,7.46153846154,9.8346673913
Florida,846,project:797;check:723;would:723;read:713;pm:712;best:694;guidance:692;portfolioand:692;reviews:692;hijust:691;experience:84;years:70;quality:59;work:58;professional:46;video:41;also:39;portfolio:39;design:38;working:38;like:35;please:33;business:30;view:30;freelancer:29;frank:28;hi:28;m:27;one:27;job:26;projects:26;thank:26;several:25;radio:24;tv:24;wordpress:24;com:23;done:23;great:23;ve:23;look:22;may:22;software:22;website:22;creating:21;every:21;reliable:21;based:20;forward:20;skilled:20,12642,1426,8.86535764376,9.26646363636
Mexico,817,work:252;check:235;details:207;please:201;hello:199;m:178;hi:172;ready:170;see:161;acute:150;best:150;experience:146;pm:146;design:141;project:135;designer:124;kindly:117;graphic:107;professional:103;give:97;help:96;portfolio:93;private:88;results:87;message:82;ll:81;begin:76;start:76;also:75;pmb:75;would:75;video:71;working:71;years:67;need:66;good:62;services:62;get:61;done:59;thanks:59;examples:58;logo:57;de:55;past:55;quality:52;us:50;com:49;fashion:49;interested:49;read:48,12414,1985,6.25390428212,9.795690625
Nigeria,809,pmb:187;project:180;pls:177;chk:164;required:110;help:107;escrow:100;pro:99;quick:99;ftp:88;work:86;ready:82;job:80;pm:80;interested:76;start:76;done:75;check:67;thanks:65;hi:61;handle:58;please:57;details:56;experience:56;get:50;see:47;let:42;experienced:36;kindly:36;quality:36;time:33;contact:32;years:31;web:30;expert:29;would:29;lets:28;well:27;developer:26;discuss:25;hello:25;high:25;professional:25;hope:24;immediately:24;seo:23;writing:23;m:22;write:22;article:21,5887,1200,4.90583333333,9.67501176471
France,778,m:419;please:392;want:258;professional:254;work:224;pm:223;hello:218;see:216;message:183;ready:176;quality:167;private:164;design:145;check:133;clients:130;logo:130;designer:126;high:126;around:121;artwork:121;cheap:121;cheapest:121;cost:121;explain:121;lunch:121;consult:110;project:106;hi:71;details:65;done:56;french:55;sir:47;projects:46;thank:45;pmb:41;team:40;eacute:39;interested:38;portfolio:35;start:35;experience:34;expert:34;experts:33;help:32;already:31;lots:30;working:29;good:27;job:27;thanks:27,9570,1555,6.15434083601,9.84648888889
Greece,770,check:248;please:217;project:163;experience:150;hello:128;work:123;pm:121;m:112;web:106;details:105;ready:103;hi:97;net:88;portfolio:84;years:80;experienced:75;start:73;thanks:71;job:66;see:66;css:62;done:58;joomla:58;website:57;company:56;thank:54;message:53;sir:53;sql:53;developer:52;design:51;helloi:51;adobe:48;digitalray:48;kindly:48;engineer:45;expert:45;interested:45;quality:45;like:44;working:44;provide:43;wordpress:43;inbox:42;pmb:40;html:39;php:39;mysql:38;time:38;best:37,8830,1610,5.48447204969,9.86885211268
Morocco,626,see:178;private:160;check:133;hiplease:110;msgty:109;pm:109;ready:106;please:103;start:88;m:81;hi:76;sir:66;work:61;thanks:58;details:57;message:49;experience:48;pmb:48;years:43;hello:42;job:42;project:42;let:40;immediately:28;right:26;thank:24;interested:22;done:19;time:19;help:18;web:18;********************************************:17;dear:17;expert:17;similar:17;go:16;need:16;php:16;ll:15;kindly:14;lets:14;development:13;helloi:13;like:13;away:12;inbox:12;experienced:11;plz:11;regards:11;site:11,4027,905,4.44972375691,9.60125681818
Bolivia,611,ll:601;check:515;need:495;hi:491;inbox:478;portfolio:474;want:473;image:470;information:470;agency:469;benefits:469;brand:469;branding:469;communicate:469;convey:469;gather:469;important:469;purpose:469;strategy:469;successfully:469;thing:469;translate:469;understand:469;vision:469;design:304;bid:174;graphic:174;files:170;includes:169;interface:169;psd:169;revisions:169;unlimited:169;provide:131;friendly:129;unique:129;user:129;please:83;work:55;experience:40;pm:37;good:28;team:27;advanced:26;professional:26;thanks:24;help:23;pmb:23;quality:23;high:22,15442,540,28.5962962963,9.79497777778
Moldova,600,please:202;project:199;check:195;ready:181;hi:168;details:165;interested:139;job:113;thanks:113;m:109;experience:106;message:101;work:101;really:95;taking:94;hello:92;help:86;pmb:81;autocad:73;pm:71;services:70;make:67;company:64;years:64;start:54;+:51;done:49;time:48;quality:47;developer:42;see:42;net:40;thank:40;architecture:39;high:39;happy:38;+++:37;get:36;hope:36;soon:36;efficient:35;technology:35;used:35;website:35;designers:34;draw:34;everything:34;offer:34;portfolio:34;according:33,6449,654,9.86085626911,9.66714285714
Croatia,596,please:161;check:153;hello:152;pm:148;work:148;details:117;experience:105;hi:101;project:91;m:89;job:83;contact:82;start:73;years:68;pls:64;interested:63;see:54;thank:50;professional:48;ready:48;app:47;sir:46;best:44;private:44;done:41;thanks:40;offer:38;regards:38;develop:37;dear:36;read:36;message:35;developer:33;portfolio:33;site:33;want:33;time:30;wordpress:30;make:29;working:28;design:27;pmb:26;quality:25;send:25;would:25;fast:24;like:24;apps:23;art:22;designer:22,6393,1393,4.58937544867,9.81430588235
South Africa,570,project:182;please:177;work:141;hi:110;check:108;see:95;message:92;assist:90;provide:77;would:71;experience:62;done:61;pmb:59;well:59;time:56;years:56;ready:53;private:45;good:43;look:43;complete:42;day:41;detail:41;like:41;regards:41;information:40;best:38;portfolio:37;real:37;thanks:37;communication:36;hello:36;projects:36;also:35;help:35;love:34;pay:33;design:32;facility:32;quality:32;similar:32;kindly:31;pm:31;seo:31;job:29;experienced:28;south:28;team:28;details:27;inbox:27,7815,1736,4.5017281106,9.61391
Sweden,560,work:368;see:237;look:234;forward:227;would:221;message:207;best:206;new:205;professional:204;freelancer:198;previous:191;inbox:186;discuss:185;industry:185;works:185;possible:184;decide:180;know:127;please:122;project:98;hi:93;job:90;understand:82;check:79;details:76;quality:66;provide:60;start:59;time:58;bid:56;experience:53;development:52;pm:52;application:51;dear:49;m:48;pmb:47;thanks:46;happy:44;looking:44;mobile:44;set:44;u:44;ready:43;requirements:43;quick:42;excellent:41;gull:41;manager:41;norteksol:41,10226,1385,7.38339350181,9.63648095238
Iran,551,please:205;check:192;hi:140;pm:112;pmb:69;project:65;portfolio:63;details:58;thanks:58;work:56;done:52;ready:52;best:51;hello:50;review:50;m:47;developer:46;quality:45;provide:37;experience:35;see:35;help:33;job:29;adobe:28;programmer:28;start:28;flash:27;kindly:27;actionscript:26;give:26;detail:25;regards:25;aim:24;years:24;ve:22;private:21;also:20;designer:20;easy:20;pmbthanks:20;service:20;expert:19;let:19;message:19;read:19;gladly:18;joomla:18;similar:18;want:18;information:17,3900,756,5.15873015873,9.82915862069
Bosnia and Herzegovina,519,pm:167;details:152;check:151;please:149;hi:106;hello:95;ready:91;m:85;project:79;years:66;start:58;experience:57;see:56;design:52;work:52;portfolio:47;interested:46;regards:44;pmb:42;quality:39;projects:37;similar:36;also:34;high:34;d:32;job:32;graphic:30;studio:27;photoshop:26;autocad:25;let:25;expirience:24;message:24;designer:23;expert:23;need:22;send:21;thanks:21;private:20;done:19;make:19;said:19;dear:18;professional:18;like:17;time:17;want:17;agency:16;read:16;developer:15,4288,896,4.78571428571,9.68470689655
Macedonia,515,animation:413;please:203;project:202;d:177;work:145;working:145;experience:139;m:113;pm:109;hi:106;check:103;years:103;flash:102;traditional:100;see:99;modeling:98;details:96;interested:95;also:91;contact:90;professional:90;etc:87;music:85;objects:85;since:81;portfolio:77;previous:77;images:76;thank:76;available:73;bid:73;name:73;immediately:72;short:71;thanks:70;ds:69;atkovski:68;computer:68;considering:68;examples:68;invite:68;lale:68;main:68;max:68;occupation:68;shutterstock:68;among:67;animated:67;cd:67;commercials:67,10416,1046,9.95793499044,9.89054791667
Singapore,488,hi:192;work:172;please:116;experience:114;forward:110;looking:105;project:103;best:101;check:82;take:82;confident:79;meet:76;request:76;initiative:75;needs:75;qualified:75;regards:75;ahead:74;makes:74;reviewing:74;pm:63;m:60;subbu:55;thanks:52;works:52;free:47;years:38;try:37;simple:36;prove:34;results:34;beats:33;eyes:33;nothing:33;professional:33;regardssubbu:33;risk:33;seeing:33;way:33;done:32;portfolio:32;details:31;pmb:30;working:30;design:29;thank:29;job:28;ready:27;see:26;would:26,6579,1329,4.95033860045,9.78901
Belarus,453,hello:144;check:141;experience:136;please:123;development:114;details:96;hi:94;project:94;portfolio:88;pmb:76;design:74;web:72;work:70;team:57;net/ikantam:55;ui:54;pm:53;available:50;ikantam:47;vast:47;info:45;com:43;strong:43;interested:42;company:40;contact:40;free:40;ready:40;professional:39;us:37;questions:34;may:33;m:32;projects:32;see:31;end:30;need:29;start:29;apps:28;feel:28;front:28;based:27;custom:27;help:27;thanks:27;discuss:26;find:24;magento:24;responsive:24;websites:24,5149,1009,5.10307234886,9.87419411765
Hungary,447,please:133;m:100;hi:90;project:90;check:80;pm:77;see:75;hello:69;private:65;interested:58;work:57;message:55;experience:54;details:53;thanks:53;years:51;solutions:40;job:39;thank:37;designer:32;regards:30;would:30;dear:28;attached:27;apps:26;hii:26;expert:25;references:25;recent:24;start:24;bid:23;cv:23;many:23;ready:23;could:22;days:22;design:22;works:22;developer:21;like:21;send:21;solution:21;d:20;make:20;need:20;really:20;graphic:19;mysql:19;web:19;day:18,5278,1329,3.97140707299,9.82379555556
Tunisia,429,please:180;see:110;check:105;pm:103;hi:87;m:82;message:73;experience:68;private:68;hello:67;thanks:67;interested:54;project:53;look:48;work:44;pmb:43;job:41;details:40;ready:39;wordpress:39;designer:37;ecommerce:36;portfolio:35;web:32;joomla:29;design:28;progect:28;current:27;progress:27;best:26;one:26;plz:25;start:24;android:21;years:21;help:20;offer:20;resume:20;expert:19;handle:19;time:19;also:18;ares:18;coder:18;contact:18;dear:18;developer:18;let:18;manager:18;modest:18,4463,751,5.94274300932,9.816565
Algeria,414,check:109;pm:104;please:95;hello:70;hi:59;experience:49;start:48;web:48;m:40;software:40;development:39;work:38;let:37;years:35;job:34;d:29;ready:29;thank:28;help:27;sir:24;many:23;done:22;graphics:22;architect:21;drawings:20;expert:20;master:20;several:20;interested:19;details:18;developer:18;right:18;see:18;id:16;pro:16;project:16;samples:16;satisfaction:16;time:16;design:15;business:14;fast:14;first:14;sample:14;services:14;kemmouni:13;skype:13;domains:12;goal:12;immediately:12,3398,806,4.2158808933,9.74321304348
Peru,406,experience:221;c:197;work:118;ready:110;years:92;web:90;php:89;professional:89;developer:84;high:84;html:84;developing:83;mysql:83;applications:82;desktop:82;jquery:82;platforms:82;ajax:81;developed:81;java:81;mvc:81;specialization:81;vb:81;asm:80;aspx:80;atl:80;autolisp:80;css:80;matlab:80;mfc:80;mssql:80;python:80;silverlight:80;stl:80;wcf:80;wfp:80;win:80;dhtml:79;program:79;help:74;project:74;+:72;please:70;regards:69;greeting:67;warm:67;hi:55;hello:48;c++:47;start:45,6167,781,7.89628681178,9.82027619048
Netherlands,388,please:98;pm:82;hi:67;project:66;help:61;see:61;work:60;experience:56;details:50;services:48;would:48;provider:46;seo:45;thank:44;like:43;get:41;english:40;design:38;link:37;done:35;hat:34;white:34;kind:33;interested:31;site:30;joomla:29;manual:29;m:28;us:28;building:27;message:27;professional:27;check:26;website:26;years:26;hire:25;maximum:24;promotion:24;experienced:23;take:23;refer:22;private:21;regards:21;also:20;freelancer:20;hello:20;sites:20;thanks:20;ready:19;send:19,4568,1196,3.81939799331,9.90769302326
Hong Kong,375,ready:262;please:158;pm:129;check:126;work:108;details:102;based:88;start:87;discuss:82;detail:81;budget:77;per:77;posting:77;checked:76;things:76;timing:76;project:61;thanks:52;see:29;confidence:27;us:27;experience:26;box:25;dear:25;samples:24;assist:23;done:21;immediately:21;information:20;message:20;private:20;really:20;freelancer:19;hi:19;hong:19;kong:19;portfolio:19;net:18;prissy:18;like:17;asp:16;design:16;website:16;past:15;projects:15;provide:15;sirwe:15;years:15;chinese:14;help:14,4216,784,5.37755102041,9.66443461538
Saudi Arabia,366,hi:197;kindly:170;check:165;experience:129;pmb:103;see:97;exciting:90;freelance:90;thanks:84;get:81;bid:79;pm:78;samples:78;attractive:76;peace:49;cheers:41;work:41;job:32;also:28;please:28;years:27;send:23;good:22;ready:20;site:20;website:20;+:18;looking:18;project:17;time:17;works:17;details:16;development:14;done:14;mobile:14;want:14;forward:13;game:13;start:13;design:12;hours:12;like:12;message:12;regardsekram:12;type:12;websites:12;device:11;including:11;jquery:11;php:11,3359,638,5.26489028213,9.62018181818
Israel,350,hi:110;work:99;project:92;please:86;ideas:82;see:73;web:73;assist:64;well:63;us:56;like:54;m:49;upon:48;pm:47;would:46;one:45;quality:44;developed:41;hello:41;happy:40;israel:40;provide:39;high:38;software:37;check:36;contact:36;house:34;product:34;established:33;hesitate:32;major:32;question:32;hubs:31;offices:31;tech:31;br:30;deserve:30;projects:30;start:30;file:29;final:29;need:29;similar:29;d:28;experience:28;ll:28;look:28;system:28;details:26;platform:26,5709,1263,4.52019002375,9.5502375
New Zealand,332,design:326;work:153;hi:137;portfolio:132;experience:124;years:112;check:102;please:102;pm:101;project:92;well:87;great:81;see:78;style:75;previous:73;chic:71;give:68;would:59;like:56;done:54;time:54;love:53;best:52;logo:50;new:50;zealand:49;day:48;freelancer:47;based:46;hope:46;attached:43;clients:43;prove:43;designing:42;graphic:42;industry:42;kindly:42;simple:42;feedback:41;hearing:41;using:41;word:41;find:40;kind:40;reliable:40;wish:40;competent:39;passion:39;clean:38;less:38,8104,1569,5.16507329509,9.8222075
Ahmedabad,329,development:355;work:332;please:234;pmb:215;application:200;forward:199;results:194;website:191;experience:182;years:169;dear:157;discuss:151;nine:147;open:134;best:130;sarathebusiness:126;good:123;back:115;mobile:114;thanksgaurav:114;give:113;web:113;managermxicoders:109;us:108;business:103;quality:103;designing:101;better:99;like:98;looking:98;ability:97;fine:97;hire:97;history:97;hope:97;position:97;check:94;understand:92;time:89;regardsgaurav:84;mxicoders:81;convenient:79;know:79;let:79;requirement:76;gaurav:75;discussion:73;solution:73;thanks:73;providing:72,10490,562,18.665480427,8.8889
Estonia,328,hi:201;custom:148;design:113;ready:76;start:64;please:62;work:57;hello:50;pm:39;logo:37;check:31;portfolio:31;project:24;details:20;m:19;see:19;thanks:16;experience:14;refer:14;look:12;pmb:12;illustration:11;interested:11;day:10;quality:10;web:10;years:10;private:9;regards:9;like:8;message:8;animation:7;g:7;based:6;company:6;d:6;designs:6;job:6;made:6;professional:6;samples:6;seo:6;take:6;acute:5;make:5;page:5;price:5;provide:5;read:5;would:5,1859,439,4.23462414579,9.63759411765
Colombia,328,work:275;admin:230;net:198;sql:198;expert:192;team:174;please:173;experience:169;web:141;years:140;see:132;details:120;example:119;server:118;software:118;user:117;development:116;microsoft:116;windows:116;mcp:115;mcpd:115;mct:115;mcts:115;password:115;contact:113;certified:112;clarify:112;leader:111;like:80;php:80;oracle:74;applications:73;several:72;movil:70;tecnologies:68;m:67;hi:65;sites:63;members:62;participating:62;de:45;check:43;//:42;pm:39;en:37;design:34;job:34;look:34;professional:34;visual:33,7790,1109,7.02434625789,9.82291304348
Denmark,323,design:529;please:207;check:206;pmb:203;web:203;denmark:191;software:191;information:189;company:188;name:188;andrew:187;copenhagen:187;f:187;located:187;represent:187;hellomy:186;developmentgraphic:148;development:42;experience:34;years:26;job:25;start:24;interested:23;end:21;ready:21;project:20;curiologix:17;work:17;developer:15;see:15;hello:13;hii:12;m:12;forward:11;front:11;offer:11;working:11;back:10;message:10;looking:9;need:9;pm:9;private:9;lets:8;able:7;best:7;c:7;details:7;fast:7;freelancer:7,5036,633,7.95576619273,9.82095294118
Lithuania,319,hi:73;check:64;please:58;hello:56;work:50;portfolio:49;project:49;like:45;pm:45;working:41;start:38;would:31;done:28;m:27;interested:25;works:25;good:24;help:23;ready:23;see:23;job:22;similar:22;create:21;experience:21;experienced:21;hiplease:21;seeing:21;able:19;application:19;message:19;fast:18;expert:17;years:17;design:16;easily:16;let:15;prestashop:15;contact:14;net:14;participate:14;thanks:14;designer:13;give:13;hope:13;private:13;interesting:12;need:12;web:12;immediately:11;price:11,3089,899,3.43604004449,9.82298125
Thailand,318,project:226;professional:210;designs:206;offer:175;experience:140;working:133;also:121;years:121;forward:117;joomla:113;please:111;wordpress:111;cms:108;designer:108;+:107;specialize:107;understand:107;team:106;looking:105;requirements:104;themes:104;american:103;drupal:103;graphics/web:103;international:103;anyone:102;business:102;clean:102;small/large:102;unique:102;development:78;website:78;server:75;client:73;offline:72;online:72;servers:72;test:72;work:60;hi:56;pm:54;hello:45;see:42;inbox:41;view:41;want:40;responsive:39;give:37;mysql:37;php:37,6737,655,10.2854961832,9.790975
Armenia,313,check:118;start:110;please:100;ready:66;work:63;let:59;pm:59;experience:53;hi:53;~~~~~~~~~~~~~~~~~~~~~please:51;pm~~~~~~~~~~~~~~~~~~~~~~~~~~thanks:50;years:42;hello:41;see:40;interested:28;m:24;project:24;inbox:23;made:23;websites:23;difficult:22;portfolio:19;right:18;professional:14;help:12;message:12;web:12;design:11;details:11;job:11;ll:10;many:10;private:10;team:10;thank:10;wordpress:10;cms:8;graphic:8;information:8;site:8;thanks:8;want:8;also:7;d:7;designer:7;flash:7;need:7;send:7;able:6;best:6,2086,472,4.41949152542,9.5889875
Switzerland,310,pm:121;please:94;prefer:71;ready:69;work:61;portfolio:56;start:54;hello:53;done:48;see:46;m:44;hrs:40;within:36;let:35;sample:35;check:34;details:34;send:34;hi:32;get:31;thanks:31;contact:29;project:29;experience:25;job:22;regards:19;best:18;years:18;quality:17;freelance:16;profile:16;working:16;would:16;finish:15;interested:15;design:14;provide:13;samples:13;tamara:13;glad:12;want:12;bim:11;daniel:11;etc:11;look:11;next:11;satisfaction:11;website:11;works:11;+:10,2764,623,4.43659711075,9.84590833333
Austria,307,please:225;hi:205;check:204;thank:194;freelancer:193;artist:192;graphic:192;painter:192;portofolio:192;see:47;project:37;pmb:29;private:24;details:21;m:19;work:19;message:17;pm:17;hello:16;help:16;acute:14;ready:14;start:14;would:13;website:12;wordpress:12;quality:11;d:10;thanks:10;like:9;best:8;link:8;sir:8;theme:8;doo:7;highest:7;interessed:7;massage:7;pleas:7;regardsalexandra:7;time:7;watch:7;working:7;also:6;complete:6;dear:6;full:6;job:6;looking:6;madami:6,2865,394,7.27157360406,9.97775555556
Uruguay,294,check:129;hi:113;regards:87;please:72;work:69;m:67;years:57;project:54;right:53;start:52;portfolio:51;web:51;aacute:48;job:46;like:44;quality:43;uruguay:43;experienced:42;profile:42;works:42;also:41;kind:41;skills:41;give:40;su:40;area:39;attached:39;fast:39;satisfaction:39;chance:38;earlier:38;javier:38;list:38;rez:38;till:38;developer/designer:37;experience:37;pm:36;thanks:36;details:33;expert:31;interesting:28;designer:27;send:27;would:26;pmb:25;graphic:24;projects:24;field:23;freelance:22,4291,868,4.9435483871,9.81184347826
Japan,268,quality:198;us:98;japanese:97;time:97;want:97;provide:94;company:93;tell:93;believes:92;sir/ma`am:85;thanks:85;see:84;pmb:82;japan:78;portfolio:74;details:72;hi:57;developer:54;expert:47;please:34;check:31;project:31;hiexpert:29;work:28;website:23;best:17;m:17;thank:17;freelancer:15;message:14;pm:14;requirements:14;designer:13;like:13;done:12;good:12;ready:11;need:10;private:10;start:10;team:10;experienced:9;ecommerce:8;hello:8;would:8;experience:7;interested:7;make:7;many:7;wordpress:7,2845,488,5.82991803279,9.81786
Cyprus,258,please:88;check:62;pm:47;portfolio:44;details:43;hi:39;experience:33;project:32;designer:29;professional:27;see:27;work:27;years:27;graphic:24;inbox:24;like:24;ready:24;would:24;checkout:22;design:22;hello:18;start:17;help:16;pmb:16;creative:15;thanks:15;done:14;job:14;love:14;expert:13;logo:13;need:13;one:13;web:13;looking:12;provide:11;time:11;experienced:10;let:10;projects:10;send:10;unique:10;website:10;also:9;cyprus:9;get:9;know:9;m:9;much:9;video:9,2573,864,2.97800925926,9.84978823529
Venezuela,250,check:98;please:93;best:75;m:73;regards:72;work:72;inbox:63;hi:60;examples:51;employer:50;pm:50;project:48;ready:46;designer:43;dear:42;attached:41;experience:36;done:35;job:34;see:34;get:32;graphic:28;right:27;de:22;expert:22;hello:21;also:20;make:20;years:20;details:19;information:19;start:19;d:18;design:18;logo:18;ntilde:18;portfolio:16;provide:16;away:15;let:14;message:14;private:14;website:14;would:13;fast:12;friend:12;im:12;like:12;working:12;could:11,3418,919,3.71926006529,9.76683157895
Czech Republic,248,experience:92;please:75;years:72;work:52;hi:51;thank:50;check:47;hello:41;pm:41;helloi:39;design:37;start:34;admin:33;linux:33;see:33;project:32;portfolio:29;interested:27;professional:27;quality:26;d:25;details:25;like:24;strong:20;would:20;m:19;offer:18;samples:18;website:18;experienced:17;feel:17;free:17;looking:17;photo:17;photorealistic:17;problem:17;regards:17;rendering:17;animation:16;forward:16;get:16;job:16;martin:16;web:16;certified:15;cooperate:15;inc:15;realistic:15;top:15;google:14,3121,696,4.4841954023,9.8529173913
Kazakhstan,242,ready:102;hello:61;please:61;details:60;check:56;message:56;private:56;box:55;sir:54;thank:54;efficiently:48;quickly:48;work:16;testing:14;see:13;site:13;one:11;points:11;free:10;need:10;openbravo:10;plz:10;pos:10;give:9;want:9;website:9;week:9;bid:8;day:8;take:8;tasks:8;business:7;get:7;know:7;project:7;also:6;commission:6;company:6;earning:6;join:6;account:5;best:5;click:5;copy:5;data:5;earn:5;every:5;facebook:5;good:5;information:5,1658,431,3.84686774942,9.96253333333
Slovak Republic,220,check:81;hi:79;project:66;thanks:52;please:51;would:46;experienced:45;experiences:43;portfolio:40;kindly:35;hello:33;details:32;interested:32;reviews:32;hii:30;satisfaction:30;like:29;designer:28;pmb:27;vector:27;years:27;creative:25;deliver:25;work:25;able:24;day:24;logo:23;request:23;illustratorgraphic:22;start:21;see:19;ready:18;best:16;good:16;help:16;looking:16;experience:15;forward:15;nice:15;new:14;personal:14;skills:14;thank:14;area:13;design:13;visit:13;graphic:12;much:12;php:12;could:11,2509,623,4.02728731942,9.713405
Albania,212,ready:109;start:103;pm:32;please:31;regards:30;check:29;*****:28;******:28;albaniaeurope:27;project:25;hi:24;see:24;job:17;details:15;hello:15;sir:15;right:13;help:12;thanks:11;professional:10;task:10;thank:10;would:10;designer:9;many:9;want:9;web:9;work:9;developer:8;send:8;waiting:8;years:8;done:7;experience:7;interested:7;like:7;m:7;message:7;pmb:7;private:7;sample:7;think:7;wordpress:7;albania:6;attachments:6;company:6;easy:6;expert:6;good:6;info:6,1460,449,3.25167037862,9.97337692308
Dominican Republic,211,pm:74;helloi:62;sent:59;u:59;check:39;start:32;project:31;work:31;please:30;ready:30;see:26;m:25;pmb:24;interested:22;best:18;experience:18;info:17;job:17;lets:17;private:16;kindly:15;message:15;quality:15;creative:14;hello:14;sir:14;designs:13;functional:13;let:13;read:13;offer:12;portfolio:12;get:11;less:11;im:10;developer:9;en:9;good:9;help:9;price:9;professional:9;web:9;^_^:8;better:8;days:8;design:8;hi:8;hours:8;want:8;designer:7,1929,625,3.0864,9.86523333333
Lebanon,206,+:178;linux:168;security:168;servers:168;please:135;experience:125;certified:114;reviews:113;ethical:112;hand:112;isc:112;prestigious:112;years:71;project:70;check:67;high:62;development:60;done:60;hi:59;contact:58;know:58;way:58;expert:57;experts:57;feel:57;actions:56;administration:56;around:56;availability:56;background:56;board:56;ceh:56;certification:56;cissp:56;cissprhceccnamcsalinux+:56;code:56;com:56;comes:56;complain:56;conduct:56;consultant:56;elance:56;environment:56;exchange:56;freelance:56;guru:56;hacker:56;ids:56;lifetime:56;linux/unix/windows:56,5312,495,10.7313131313,9.8560875
Slovenia,204,please:92;check:77;pm:64;hello:59;experience:53;years:48;project:45;design:34;online:33;web:33;details:30;hi:29;many:24;/:22;company:22;website:21;work:21;detailed:20;portfolio:20;business:19;done:19;job:19;services:19;given:18;presentation:18;quality:18;related:18;specifically:18;complete:17;greetings:17;marketing:17;solutions:17;team:17;consists:16;dedicated:16;design/development:16;designers:16;european:16;graphic:16;include:16;pmb:16;practice:16;professionals:16;m:14;see:14;time:14;bid:13;good:12;d:10;message:10,2364,616,3.83766233766,9.71587727273
Chile,199,see:46;hi:43;please:33;hello:32;m:29;need:28;pm:28;work:26;experience:25;project:25;de:19;para:19;en:18;game:18;get:18;y:18;like:17;help:16;job:16;saludos:16;im:15;interested:15;private:15;web:15;info:14;message:14;ready:14;regards:14;listo:13;years:13;developer:12;check:11;design:11;portfolio:11;thanks:11;would:11;artist:10;empezar:10;expert:10;professional:10;start:10;working:10;best:9;d:9;designer:9;estoy:9;ntilde:9;port:9;code:8;details:8,2168,853,2.54161781946,9.80345384615
Mauritius,190,start:83;lets:72;please:66;pm:39;check:28;project:28;see:27;hello:26;experience:24;work:19;thanks:18;pmb:17;html:16;css:15;interested:12;like:12;years:12;dear:9;ready:9;would:9;designer:8;jquery:8;quality:8;team:8;web:8;d:7;details:7;hi:7;logo:7;regards:7;/:6;got:6;guaranteed:6;part:6;php:6;psd:6;seo:6;thank:6;best:5;conversion:5;definitely:5;help:5;projects:5;ui:5;various:5;website:5;websites:5;xhtml/html:5;adobe:4;assure:4,1251,403,3.10421836228,9.7574
Ireland,185,please:87;check:66;pm:63;see:58;experience:48;message:38;years:35;details:30;real:30;private:29;project:25;hi:24;traffic:23;regards:22;work:22;design:20;best:19;working:19;interested:18;would:18;hello:17;sir:17;box:16;dear:16;kindly:16;marcelo:16;marques:16;using:15;exposure:14;great:14;site:13;portfolio:12;version:12;examples:11;get:11;professional:11;web:11;m:10;like:9;skills:9;studio:9;thanks:9;hii:8;love:8;website:8;done:7;graphic:7;know:7;mechanical:7;offer:7,1995,639,3.1220657277,9.66317647059
Belgium,183,please:79;hi:55;details:45;project:44;check:38;pmb:37;pm:34;m:26;see:24;experience:23;interested:20;find:19;day:17;done:17;proposal:17;quality:16;using:16;good:14;message:14;thanks:14;would:14;help:13;work:13;design:12;professional:12;best:11;glad:10;hello:10;net:10;ready:10;send:10;years:10;contact:9;develop:9;drupal:9;experienced:9;like:9;services:9;us:9;ve:9;websites:9;html:8;let:8;make:8;many:8;need:8;outstanding:8;php:8;requirements:8;service:8,1962,678,2.89380530973,9.91961052632
Latvia,177,pm:64;hi:60;please:52;check:35;work:32;project:31;sent:31;details:25;m:24;experience:22;portfolio:22;ready:20;see:20;help:18;years:18;quality:17;web:17;design:16;also:14;developer:14;get:14;let:14;new:14;portoflio:14;provide:14;best:13;designs:12;hello:12;satisfaction:12;start:12;questions:11;job:10;make:10;pmb:10;wordpress:10;expert:9;price:9;done:8;information:8;java:8;message:8;need:8;private:8;receive:8;step:8;thanks:8;working:8;|:8;clients:7;code:7,1960,656,2.98780487805,9.89842777778
Palestine,176,hello:59;please:56;details:43;see:43;pm:36;check:31;sir:23;ready:21;hi:19;m:18;message:17;work:17;experience:15;developer:13;expert:13;good:12;job:11;p:11;checkout:10;logo:10;pmb:10;project:10;quality:10;time:10;design:9;portfolio:9;samples:9;easy:8;iam:8;start:8;wordpress:8;years:8;kindly:7;let:7;logos:7;need:7;deliver:6;designed:6;get:6;linux:6;messages:6;professional:6;skills:6;want:6;website:6;css:5;designer:5;done:5;experts:5;full:5,1401,495,2.8303030303,9.7089
Jamaica,173,ready:51;please:45;see:43;details:35;done:31;experience:31;project:26;work:26;would:25;assist:24;get:22;greetings:22;begin:21;data:20;job:20;team:20;attached:19;hi:18;highly:17;complete:16;start:16;entry:14;like:14;website:14;m:13;pm:13;hello:12;task:12;thank:12;available:11;business:10;need:10;research:10;years:10;create:9;new:9;skills:9;week:9;also:8;given:8;good:8;immediately:8;provide:8;right:8;take:8;time:8;web:8;check:7;day:7;excellent:7,1879,624,3.01121794872,9.73103
Georgia,170,please:99;hello:45;interested:40;check:37;pm:37;contact:33;see:32;still:31;work:28;pmb:25;details:24;experience:24;years:21;m:20;portfolio:20;professional:18;project:18;logo:17;programming:17;quality:17;working:17;best:16;ready:15;job:14;start:14;team:14;high:12;offer:12;good:11;big:10;dear:10;employer:10;d:9;read:9;attention:8;creativity:8;discuss:8;grabbing:8;handling:8;make:8;requires:8;special:8;twist:8;design:7;georgia:7;hi:7;like:7;price:7;thank:6;thanks:6,1377,345,3.99130434783,9.81081538462
Cameroon,136,thanks:49;hi:45;sir:30;best:29;start:29;regards:27;project:25;get:24;help:19;ready:18;done:16;time:16;check:15;web:15;good:14;one:14;experience:13;complete:12;details:12;lets:12;development:11;let:11;within:11;able:10;frame:10;job:10;perfectly:10;++++++++++++++++++++inbox++++++++++++++++++for:9;siri:9;site:9;could:8;please:8;running:8;css:7;expert:7;joomla:7;work:7;message:6;need:6;php:6;see:6;dear:5;design:5;experienced:5;free:5;hassle:5;html:5;m:5;pm:5;right:5,1119,381,2.93700787402,9.70861666667
Gambia,134,done:112;get:104;joomla:15;site:13;thank:10;assure:9;look:7;several:7;work:7;also:6;forward:6;working:6;project:5;quality:5;service:5;sites:5;help:4;job:4;please:4;server:4;similar:4;best:3;details:3;fix:3;kindly:3;moved:3;opportunity:3;projects:3;ready:3;reference:3;sorted:3;started:3;want:3;approval:2;aspect:2;basis:2;checked:2;description:2;development:2;error:2;everything:2;gone:2;helloi:2;immediately:2;issue:2;listed:2;long:2;migration:2;new:2;plugin:2,544,172,3.16279069767,9.4474
Puerto Rico,129,/:336;expert:102;hi:101;james:100;pm:98;see:93;plz:91;experience:90;many:89;development:84;plugin:53;customization:50;design:50;gateways:46;payment:46;sql:42;php:41;web:41;jquery:38;mootools:38;ajax:37;tab:29;fb:28;designer:25;app:21;wordpress:21;check:18;thanks:18;please:17;im:16;implementation:16;social:16;demo:15;experienced:15;hello:15;ecommerce:14;joomla:13;know:10;logo:10;photoshop:10;professional:10;ready:10;api:9;gaphic:9;graphic:9;let:9;website:9;artist:8;betting:8;identity:8,2408,281,8.56939501779,8.83333333333
Qatar,121,seo:552;provide:244;clients:154;com:124;website:124;look:123;report:123;us:122;please:98;+:93;business:93;since:93;good:64;also:63;time:63;company:62;forward:62;requirements:62;working:62;/:61;analysis:61;assured:61;best:61;clock:61;customer:61;dedicated:61;detailing:61;eat:61;free:61;greetingslooking:61;hands:61;hearing:61;hire:61;hours:61;keywords:61;kindly:61;live:61;make:61;onpage:61;regarding:61;regardssanaseoarea:61;rest:61;round:61;satisfied:61;satisfy:61;seoarea:61;sleep:61;specialists:61;support:61;sure:61,4897,190,25.7736842105,9.69645
Jordan,108,project:30;check:23;interested:22;please:19;pm:17;hello:16;ready:16;work:15;details:14;kindly:12;pmb:12;best:11;read:10;siri:10;would:10;good:9;hi:9;m:9;thanks:9;advertisement:8;experience:8;professional:8;provide:8;time:8;appreciate:7;available:7;currently:7;dear:7;designer:7;greetings:7;job:7;position:7;skills:7;start:7;consideration:6;development:6;help:6;hiring:6;manager:6;profile:6;d:5;design:5;experienced:5;need:5;requirements:5;see:5;support:5;years:5;application:4;arabic:4,920,347,2.65129682997,9.69716428571
Costa Rica,106,please:31;programming:30;project:27;html:26;new:21;check:20;creating:20;hi:20;work:19;would:19;drupal:18;experience:18;php:17;using:17;content:16;css:16;etc:16;hello:16;java:16;jquery:16;pages:16;pm:16;pro:16;script:16;themes:16;acrobat:15;actionscript:15;ajax:15;blocks:15;coda:15;customize:15;dreamweaver:15;extended:15;flash:15;forms:15;illustrator:15;indesign:15;languages:15;management:15;modules:15;photoshop:15;professional:15;programs:15;scratch:15;system:15;theming:15;tpl:15;views:15;xml:15;wordpress:13,2223,758,2.9327176781,9.521925
Finland,102,work:46;please:35;professional:33;project:33;ready:33;check:31;pmb:29;designer:24;developer:24;web:24;m:22;agree:20;final:20;terms:20;conditions:19;contact:19;begin:18;immediately:18;take:18;experience:15;let:13;games:12;make:11;start:11;website:11;game:10;message:10;quality:10;really:10;could:9;hi:9;interested:9;also:8;consider:8;i`m:8;see:8;done:7;expertise:7;believe:6;design:6;kind:6;private:6;best:5;eacute:5;job:5;logo:5;many:5;pm:5;retoucher:5;time:5,1334,413,3.23002421308,9.98701428571
El Salvador,102,please:77;private:77;message:76;thanks:76;check:74;solution:74;board:72;hi:72;information:72;perfect:72;platform:72;proceed:72;using:72;oacute:12;para:10;n:9;la:8;would:8;m:7;work:7;begin:6;forward:6;favor:5;gracias:5;help:5;hola:5;like:5;looking:5;mensajes:5;por:5;privados:5;project:5;y:5;aacute:4;c:4;compruebe:4;de:4;informaci:4;mo:4;obtener:4;perfecta:4;plataforma:4;proceder:4;que:4;see:4;sobre:4;soluci:4;su:4;tablero:4;tengo:4,1377,226,6.09292035398,9.65945
Panama,91,job:70;hi:53;hello:11;site:11;could:10;skills:10;budget:8;discuss:7;read:7;requirements:7;joomla:6;needs:6;one:6;please:6;agree:5;area:5;ask:5;better:5;cms:5;covering:5;deliver:5;drupal:5;feel:5;final:5;finished:5;fits:5;go:5;gradually:5;hii:5;html:5;javascript:5;jquery:5;magento:5;price:5;product:5;programmer:5;project:5;proyect:5;ready:5;reward:5;test:5;wordpress:5;m:4;offer:4;start:4;check:3;keyword:3;pm:3;adjust:2;backup:2,485,133,3.64661654135,9.446425
Ethiopia,63,bid:32;please:23;project:21;experience:18;see:17;develop:15;software:14;visual:14;information:13;management:13;submit:13;work:13;days:12;interested:12;net:12;attached:11;hereby:11;skills:11;private:10;product:10;supply:10;system:10;time:10;us:10;hi:9;message:9;opportunity:9;schools:9;thank:9;using:9;application:8;applications:8;aspects:8;contact:8;existing:8;job:8;period:8;ready:8;strong:8;thanks:8;asp:7;basic:7;crm:7;developed:7;developing:7;document:7;pm:7;start:7;tender:7;architectural:6,1197,429,2.79020979021,9.4819
Norway,55,pm:14;check:13;experience:13;hi:13;years:13;please:11;job:9;modeling:8;rendering:8;thanks:8;video:7;design:6;done:6;fast:6;hello:6;interior:6;start:6;work:6;html/css:5;like:5;provide:5;working:5;also:4;coding:4;day:4;easy:4;experienced:4;hii:4;know:4;m:4;professional:4;quality:4;ready:4;regards:4;right:4;sample:4;style:4;animation:3;checked:3;could:3;data:3;described:3;details:3;editor:3;employer:3;help:3;hired:3;i`ll:3;im:3;interested:3,675,360,1.875,9.909775
Afghanistan,54,sir:65;many:47;please:47;hello:44;see:42;task:39;must:37;proceed:36;professional:36;waiting:36;attachments:35;web:34;running:33;years:32;online:31;right:31;developer:30;services:25;range:21;wide:20;firm:19;quality:18;thanks:17;projects:16;details:15;commitment:14;company:14;providing:14;clients:13;done:13;response:13;send:13;thank:13;uk:13;urgent:13;usa:13;add:12;deliver:12;designer:12;thankyou:12;less:11;portfolio:11;strong:11;time:11;finalized:10;provide:10;pm:9;project:9;websites:8;work:8,1342,210,6.39047619048,10.0