count,clusters
10,MySQL~Videography~Print~UNIX~Caricature & Cartoons~Software Testing~Arts & Crafts~Logo Design~Ruby & Ruby on Rails~XML~Blog Design~3D Animation~.NET~Templates~Software Architecture~Mac OS~Linux;AJAX~SQL~Facebook~SEO~Link Building~Brochure Design~3D Modelling~HTML5~3D Rendering~C# Programming~Banner Design;Drupal~Java~Android~HTML~Advertisement Design~After Effects~Graphic Design~Animation;3ds Max~YouTube~Icon Design~Cisco~Web Scraping~Illustration~Photoshop Design~Photo Editing~Python;User Interface / IA~iPhone~Mobile Phone~Music~Video Services~iPad~CMS~Cocoa~Blackberry~Prestashop~Wordpress~jQuery / Prototype~Web Security~Objective C;Delphi~Javascript~System Admin~Microsoft Access~Word~Amazon Web Services~ASP~VoIP~Audio Services~ActionScript~C Programming~Visual Arts~Joomla;Database Administration~Script Install~Magento~Microsoft~CSS~Shell Script;Flash~PHP~Web Hosting~Social Networking~Usability Testing~Website Management~Twitter~Website Testing;Embedded Software~C++ Programming~Illustrator~Game Consoles~Game Design~Photoshop~Windows Desktop;Website Design~Paypal API~Shopping Carts~Voice Talent~eCommerce~PSD to HTML~Visual Basic
11,iPhone~Mobile Phone~iPad~Microsoft Access~Game Consoles~Game Design~Caricature & Cartoons~Cocoa~Blackberry~ASP~Arts & Crafts~Ruby & Ruby on Rails~VoIP~Audio Services~Objective C~3D Animation~.NET;YouTube~AJAX~Cisco~Paypal API~Microsoft~Banner Design;Database Administration~3ds Max~Javascript~SQL~Video Services~jQuery / Prototype~3D Modelling~eCommerce~3D Rendering~PSD to HTML~Visual Basic;User Interface / IA~Website Design~Icon Design~HTML~Templates;Embedded Software~Java~Word~Web Security~Link Building~C Programming;Delphi~Illustrator~System Admin~Prestashop~Logo Design~Graphic Design;Flash~MySQL~C++ Programming~Script Install~Music~Web Scraping~UNIX~Amazon Web Services~ActionScript~Windows Desktop~Shell Script~HTML5~Mac OS~C# Programming~Linux;Drupal~Print~Shopping Carts~Advertisement Design~Wordpress~Illustration~XML~Photoshop~Photoshop Design~Blog Design~Photo Editing~Brochure Design;Web Hosting~Software Testing~Usability Testing~Website Management~Software Architecture~Website Testing;Videography~Magento~Android~CSS~After Effects~SEO~Twitter~Animation~Python~Visual Arts;PHP~CMS~Facebook~Social Networking~Voice Talent~Joomla
12,Drupal~Music~UNIX~Caricature & Cartoons~Voice Talent~Arts & Crafts~Logo Design~Ruby & Ruby on Rails~3D Animation~.NET~Visual Arts;3ds Max~Magento~Facebook~Social Networking~Photoshop Design~Twitter;iPhone~Mobile Phone~iPad~Android~Game Design~Cocoa~Blackberry~jQuery / Prototype~Objective C;Icon Design~Illustrator~AJAX~Java~Print~Prestashop~Illustration~Photoshop~Graphic Design~Blog Design~Windows Desktop~Brochure Design~Templates~3D Modelling~3D Rendering;PHP;YouTube~Videography~Script Install~Video Services~Amazon Web Services~Web Security~Audio Services~Photo Editing;Embedded Software~Web Hosting~Software Testing~XML~Website Management~Software Architecture~Website Testing;Flash~Javascript~Game Consoles~Microsoft~Advertisement Design~After Effects~ActionScript~Animation~Python~HTML5~Banner Design;Database Administration~MySQL~Cisco~System Admin~Paypal API~SEO~VoIP~Link Building~Mac OS~Joomla~Linux;Delphi~User Interface / IA~C++ Programming~CMS~Microsoft Access~Word~C Programming~C# Programming~Visual Basic;Web Scraping~CSS~Wordpress~Usability Testing~ASP~Shell Script~PSD to HTML;Website Design~SQL~HTML~Shopping Carts~eCommerce
13,Database Administration~AJAX~iPhone~Mobile Phone~iPad~Print~Caricature & Cartoons~Cocoa~Blackberry~Arts & Crafts~Ruby & Ruby on Rails~Objective C~3D Animation~.NET~eCommerce;3ds Max~Javascript~Icon Design~Java~Wordpress~Blog Design~Audio Services~Templates~3D Rendering~Banner Design;Delphi~C++ Programming~Music~Voice Talent~ActionScript~C Programming~C# Programming;MySQL~System Admin~SEO~Link Building;Embedded Software~Illustrator~CMS~Facebook~Microsoft~CSS~Amazon Web Services~jQuery / Prototype~ASP~Windows Desktop~Python~Shell Script~Visual Basic;Drupal~Paypal API~Graphic Design~Software Architecture;Cisco~UNIX~Social Networking~VoIP~Brochure Design~Mac OS~Linux;Magento~PHP~XML~Photo Editing~PSD to HTML;Script Install~Web Hosting~Software Testing~Usability Testing~Photoshop~Website Management~Website Testing;User Interface / IA~Website Design~HTML~Joomla;Videography~Video Services~Android~Web Scraping~Shopping Carts~Advertisement Design~After Effects~Photoshop Design~Twitter~Animation~3D Modelling;Flash~SQL~Microsoft Access~Word~Game Consoles~Game Design~Prestashop~Web Security~Illustration~HTML5~Visual Arts;YouTube~Logo Design
14,Illustrator~Caricature & Cartoons~Arts & Crafts~Illustration~Ruby & Ruby on Rails~XML~3D Animation~.NET;Icon Design~Videography~Video Services~Print~Microsoft~Advertisement Design~Web Security~Blog Design~Windows Desktop~Templates~Banner Design;Database Administration~Music~Social Networking~Voice Talent~Visual Arts;Embedded Software~iPhone~SQL~iPad~Paypal API~Cocoa~Objective C~Shell Script;MySQL~Javascript~Drupal~AJAX~System Admin~Game Design~Logo Design~Photoshop~Photoshop Design~Photo Editing~eCommerce;3ds Max~Magento~Shopping Carts~Amazon Web Services~Graphic Design~3D Modelling~3D Rendering;CMS~HTML;YouTube~Mobile Phone~Cisco~Android~UNIX~Blackberry~Software Architecture~Mac OS~Linux;Facebook~CSS;C++ Programming~Java~jQuery / Prototype~Usability Testing~VoIP~Audio Services~HTML5;Delphi~User Interface / IA~PHP~Web Scraping~ASP~ActionScript~Python~C# Programming~PSD to HTML~Joomla~Visual Basic;Website Design~Script Install;Flash~Web Hosting~Game Consoles~Software Testing~Prestashop~SEO~Website Management~Link Building~Website Testing;Microsoft Access~Word~Wordpress~After Effects~Twitter~Brochure Design~Animation~C Programming
15,Magento~Caricature & Cartoons~Arts & Crafts~Ruby & Ruby on Rails~3D Animation~.NET~PSD to HTML~Joomla;C++ Programming~Music~Microsoft Access~ASP~Illustration~ActionScript~C Programming~C# Programming;Videography~Video Services~Advertisement Design~Logo Design~Link Building~Animation;Javascript~PHP~Print~Graphic Design~HTML5;Website Design~YouTube~Icon Design~Illustrator~Social Networking~SEO~Blog Design~Audio Services~Templates~eCommerce;Embedded Software~System Admin~iPad~Word~Game Consoles~UNIX~Microsoft~VoIP~Objective C~Photo Editing~Linux;SQL~Paypal API~HTML~Facebook~Shopping Carts~Game Design~Photoshop;XML~Software Architecture;Windows Desktop~Brochure Design~Mac OS~Visual Basic;MySQL~iPhone~Mobile Phone~Cocoa~Blackberry~Web Security~Python~Banner Design;Database Administration~AJAX~Java~Android~Prestashop~Wordpress~Twitter~Visual Arts;Cisco~jQuery / Prototype~After Effects~Photoshop Design;Flash~Web Hosting~CSS~Software Testing~Amazon Web Services~Voice Talent~Usability Testing~Website Management~Website Testing;3ds Max~User Interface / IA~Web Scraping~3D Modelling~3D Rendering;Delphi~Drupal~Script Install~CMS~Shell Script
16,Icon Design~Videography~Music~Video Services~Print~Web Scraping~Advertisement Design~Caricature & Cartoons~Voice Talent~Arts & Crafts~Illustration~Ruby & Ruby on Rails~Photoshop Design~Blog Design~Audio Services~3D Animation~.NET~Brochure Design~Templates~Banner Design;Website Design~Prestashop~Logo Design;CMS~HTML~Amazon Web Services;Javascript~Web Hosting~Software Testing~Usability Testing~Website Management~Shell Script~Website Testing;SQL~System Admin~PHP~XML~Software Architecture;Database Administration~Cisco~UNIX~Social Networking~Twitter~Photo Editing~eCommerce~Mac OS~Linux;SEO~Link Building~Visual Arts;3ds Max~User Interface / IA~Game Consoles~Game Design~After Effects~Animation~3D Modelling~3D Rendering;CSS~Wordpress;Illustrator~Magento~Shopping Carts~Photoshop~Graphic Design;MySQL~YouTube~Facebook~PSD to HTML;AJAX~Android~Word~jQuery / Prototype~HTML5;Embedded Software~Delphi~Flash~Java~Microsoft~ASP~VoIP~ActionScript~Windows Desktop~C Programming~C# Programming~Visual Basic;C++ Programming~Drupal~Microsoft Access~Web Security~Joomla;Paypal API;Script Install~iPhone~Mobile Phone~iPad~Cocoa~Blackberry~Objective C~Python
18,Microsoft~Caricature & Cartoons~jQuery / Prototype~Arts & Crafts~Ruby & Ruby on Rails~3D Animation~.NET~HTML5;iPhone~Mobile Phone~iPad~Facebook~Cocoa~Blackberry~Objective C;Illustrator~Social Networking~Prestashop~Photoshop~Photo Editing~eCommerce~Visual Basic;Javascript~Videography~Drupal~CMS~After Effects;Delphi~Microsoft Access~Word;Voice Talent~Wordpress~SEO~Link Building;Android~Joomla;Web Hosting~Software Testing~Website Management~Software Architecture~Website Testing;Embedded Software~Script Install~Web Security~ASP~ActionScript~Python~Shell Script;Magento~Illustration~Logo Design~XML;User Interface / IA~Website Design~PHP~HTML;Flash~Music~Video Services~Print~Graphic Design~Brochure Design;Database Administration~Cisco~SQL~Paypal API~Game Consoles~UNIX~Game Design~VoIP~Mac OS~Linux;Usability Testing~Photoshop Design~Audio Services~Twitter~Visual Arts;MySQL~YouTube~AJAX~Java;Icon Design~CSS~Advertisement Design~Blog Design~Animation~Templates~C# Programming~PSD to HTML~Banner Design;3ds Max~C++ Programming~System Admin~Web Scraping~Shopping Carts~Windows Desktop~3D Modelling~C Programming~3D Rendering;Amazon Web Services
20,Database Administration~3ds Max~Microsoft Access~Caricature & Cartoons~Arts & Crafts~Ruby & Ruby on Rails~Twitter~3D Animation~.NET~3D Modelling~3D Rendering;Music~Advertisement Design~Voice Talent~Audio Services;Videography~Cisco~System Admin~Video Services~Print~After Effects~Photoshop~Photoshop Design~Photo Editing;CMS~Microsoft;Embedded Software~iPhone~Paypal API~Web Scraping~Cocoa~Blackberry~Objective C~Animation~PSD to HTML;Website Design~PHP~jQuery / Prototype~eCommerce~Joomla;Script Install~Magento~XML~Shell Script;Shopping Carts~Windows Desktop~Software Architecture~Linux;Word~HTML5;Delphi~AJAX~Amazon Web Services~ASP~C Programming~Mac OS~C# Programming;Flash~Icon Design~HTML~Illustration~Blog Design~Templates;YouTube~Drupal~UNIX~Brochure Design;Illustrator~Java~Android~Banner Design;Facebook~Social Networking~Wordpress;Web Hosting~Software Testing~Usability Testing~Website Management~Website Testing;CSS~Web Security~ActionScript~Visual Basic;Prestashop~Logo Design~SEO~Link Building~Python;Mobile Phone~iPad~Game Consoles~Game Design~Graphic Design;User Interface / IA~MySQL~VoIP~Visual Arts;Javascript~C++ Programming~SQL
22,Embedded Software~AJAX~Caricature & Cartoons~Amazon Web Services~ASP~Arts & Crafts~Ruby & Ruby on Rails~VoIP~3D Animation~.NET;Word~Web Security;Game Consoles~Game Design~jQuery / Prototype;User Interface / IA~Illustrator~Photoshop~PSD to HTML;Videography~Print~CSS~Prestashop~Usability Testing~XML~Photoshop Design;YouTube~Paypal API~Facebook~Social Networking~Cocoa~Twitter~Objective C~eCommerce;CMS~Voice Talent~SEO~Brochure Design;Drupal~PHP~Java~HTML;Icon Design~Script Install~iPhone~Graphic Design~Blog Design~Banner Design;Website Design~Android~Joomla;Database Administration~Cisco~Microsoft Access~UNIX~Microsoft~Windows Desktop~Mac OS~Linux;MySQL~Javascript~Mobile Phone~SQL~System Admin~Video Services;3ds Max~Shopping Carts~3D Modelling~3D Rendering;Visual Arts;Web Hosting~Software Testing~Website Management~Software Architecture~Shell Script~Website Testing;Delphi~Flash~ActionScript~C Programming~C# Programming;Music~Advertisement Design~Wordpress~After Effects~Illustration~Photo Editing~Animation~Templates;C++ Programming~iPad~Blackberry~Logo Design~HTML5~Visual Basic;;Python;Web Scraping~Audio Services;Magento~Link Building
24,Facebook~CSS~Caricature & Cartoons~Arts & Crafts~Ruby & Ruby on Rails~Graphic Design~3D Animation~.NET~PSD to HTML~Banner Design;Database Administration~YouTube~System Admin~CMS~Wordpress;Cisco~UNIX~Windows Desktop~Mac OS~Visual Arts;MySQL~Javascript~Java;Prestashop;Word~Logo Design;Android~HTML;C++ Programming~Twitter~Joomla;SEO~Photoshop~Link Building~Photoshop Design~Photo Editing~eCommerce;User Interface / IA;Paypal API;Drupal~AJAX~Music~Social Networking;SQL~PHP~Amazon Web Services~Python;Shopping Carts~Illustration~Animation;Flash~Usability Testing~XML;Web Hosting~Software Testing~Website Management~Software Architecture~Website Testing;Script Install~Web Scraping~ActionScript~Shell Script;Advertisement Design~Web Security~Audio Services~Visual Basic;Icon Design~VoIP~Blog Design~Templates;Website Design~Magento~Print~Microsoft Access;Embedded Software~Delphi~3ds Max~Game Consoles~Game Design~Microsoft~ASP~3D Modelling~C Programming~3D Rendering~C# Programming;iPhone~Mobile Phone~Video Services~Cocoa~Blackberry~Voice Talent~jQuery / Prototype~Objective C;Linux;Videography~Illustrator~iPad~After Effects~Brochure Design~HTML5
26,Video Services~Java~Caricature & Cartoons~Blackberry~Arts & Crafts~Ruby & Ruby on Rails~3D Animation~.NET;Database Administration~Videography~Prestashop~VoIP~Photoshop~Audio Services~PSD to HTML;Web Hosting~Software Testing~Usability Testing~Web Security~Website Management~Software Architecture~Website Testing;Blog Design~Joomla~Visual Basic;CMS~Twitter;Wordpress~SEO;SQL~HTML~Voice Talent;User Interface / IA~Logo Design;;YouTube~Game Consoles;Cisco~Link Building~HTML5;Flash~PHP~Paypal API~Python;Microsoft;MySQL~Illustrator~Mobile Phone~Game Design~XML~Visual Arts;iPhone~iPad~Android~Web Scraping~Cocoa~Objective C;Embedded Software~Icon Design~System Admin~Illustration~Animation;Drupal~Facebook~Microsoft Access~Word;Delphi~Music~jQuery / Prototype~Windows Desktop~C Programming~Mac OS~C# Programming;Javascript~Magento~Shopping Carts;3ds Max~AJAX~Print~Advertisement Design~Brochure Design~3D Modelling~3D Rendering~Banner Design;CSS~After Effects;Photoshop Design~Photo Editing~eCommerce;Script Install~UNIX~Social Networking~ASP~Shell Script;C++ Programming~Graphic Design~Linux;Website Design~Templates;Amazon Web Services~ActionScript
